<?xml version="1.0" encoding="UTF-8"?>
<project-private xmlns="http://www.netbeans.org/ns/project-private/1">
    <editor-bookmarks xmlns="http://www.netbeans.org/ns/editor-bookmarks/2" lastBookmarkId="0"/>
    <open-files xmlns="http://www.netbeans.org/ns/projectui-open-files/2">
        <group>
            <file>file:/C:/Users/Muktar/Documents/NetBeansProjects/JavaFx/src/javafx/LoginApp.java</file>
            <file>file:/C:/Users/Muktar/Documents/NetBeansProjects/JavaFx/src/javafx/BorderPaneGUI.java</file>
            <file>file:/C:/Users/Muktar/Documents/NetBeansProjects/JavaFx/src/javafx/AnchorPaneGUI.java</file>
            <file>file:/C:/Users/Muktar/Documents/NetBeansProjects/JavaFx/src/javafx/buildGUI.java</file>
            <file>file:/C:/Users/Muktar/Documents/NetBeansProjects/JavaFx/src/javafx/BtnActionLamda.java</file>
            <file>file:/C:/Users/Muktar/Documents/NetBeansProjects/JavaFx/src/javafx/BtnOnAction1.java</file>
        </group>
    </open-files>
</project-private>
